{"name":"ShortPixel\/Plugin","description":"ShortPixel AutoLoader","type":"function","autoload":{"psr-4":{"ShortPixel":"class"},"files":["shortpixel_api.php","class\/wp-short-pixel.php","class\/wp-shortpixel-settings.php","class\/view\/shortpixel_view.php","class\/shortpixel-png2jpg.php","class\/front\/img-to-picture-webp.php","class\/Model\/shortpixel-entity.php","class\/Model\/shortpixel-meta.php","class\/Model\/shortpixel-folder.php","class\/db\/shortpixel-db.php","class\/db\/wp-shortpixel-db.php","class\/db\/shortpixel-custom-meta-dao.php","class\/db\/wp-shortpixel-media-library-adapter.php","class\/db\/shortpixel-meta-facade.php","class\/external\/cloudflare.php","class\/external\/flywheel.php","class\/external\/gravityforms.php","class\/external\/helpscout.php","class\/external\/nextgen.php","class\/external\/securi.php","class\/external\/shortpixel_queue_db.php","class\/external\/visualcomposer.php","class\/external\/wp-offload-media.php","class\/external\/wpengine.php"]}}